Arnbjörg Sveinsdóttir,"",Independence Party,Eastern Region,"http://en.wikipedia.org/wiki/List_of_members_of_the_parliament_of_Iceland,_1995%E2%80%9399",1995–1999,,
Björn Bjarnason,http://en.wikipedia.org/wiki/Bj%C3%B6rn_Bjarnason,Independence Party,Capital Region,"http://en.wikipedia.org/wiki/List_of_members_of_the_parliament_of_Iceland,_1995%E2%80%9399",1995–1999,,
Bryndís Hlöðversdóttir,"",People's Alliance,Capital Region,"http://en.wikipedia.org/wiki/List_of_members_of_the_parliament_of_Iceland,_1995%E2%80%9399",1995–1999,,
Davíð Oddsson,http://en.wikipedia.org/wiki/Dav%C3%AD%C3%B0_Oddsson,Independence Party,Capital Region,"http://en.wikipedia.org/wiki/List_of_members_of_the_parliament_of_Iceland,_1995%E2%80%9399",1995–1999,,
Egill Jónsson,"",Independence Party,Eastern Region,"http://en.wikipedia.org/wiki/List_of_members_of_the_parliament_of_Iceland,_1995%E2%80%9399",1995–1999,,
Einar Guðfinnsson,"",Independence Party,Westfjords,"http://en.wikipedia.org/wiki/List_of_members_of_the_parliament_of_Iceland,_1995%E2%80%9399",1995–1999,,
Einar Kristjánsson,"",Independence Party,Westfjords,"http://en.wikipedia.org/wiki/List_of_members_of_the_parliament_of_Iceland,_1995%E2%80%9399",1995–1999,,
Finnur Ingólfsson,http://en.wikipedia.org/wiki/Finnur_Ing%C3%B3lfsson,Progressive Party,Capital Region,"http://en.wikipedia.org/wiki/List_of_members_of_the_parliament_of_Iceland,_1995%E2%80%9399",1995–1999,,
Friðrik Sophusson,http://en.wikipedia.org/wiki/Fri%C3%B0rik_Sophusson,Independence Party,Capital Region,"http://en.wikipedia.org/wiki/List_of_members_of_the_parliament_of_Iceland,_1995%E2%80%9399",1995–1999,,
Geir Haarde,http://en.wikipedia.org/wiki/Geir_H._Haarde,Independence Party,Capital Region,"http://en.wikipedia.org/wiki/List_of_members_of_the_parliament_of_Iceland,_1995%E2%80%9399",1995–1999,,
Gunnlaugur Sigmundsson,"",Progressive Party,Westfjords,"http://en.wikipedia.org/wiki/List_of_members_of_the_parliament_of_Iceland,_1995%E2%80%9399",1995–1999,,
Guðjón Guðmundsson,"",Independence Party,Western Region,"http://en.wikipedia.org/wiki/List_of_members_of_the_parliament_of_Iceland,_1995%E2%80%9399",1995–1999,,
Guðmundur Bjarnason,"",Progressive Party,Northeastern Region,"http://en.wikipedia.org/wiki/List_of_members_of_the_parliament_of_Iceland,_1995%E2%80%9399",1995–1999,,
Guðmundur Hallvarðsson,"",Independence Party,Capital Region,"http://en.wikipedia.org/wiki/List_of_members_of_the_parliament_of_Iceland,_1995%E2%80%9399",1995–1999,,
Guðmundur Stefánsson,http://en.wikipedia.org/wiki/Gu%C3%B0mundur_%C3%81rni_Stef%C3%A1nsson,Social Democratic Party,Reykjanes,"http://en.wikipedia.org/wiki/List_of_members_of_the_parliament_of_Iceland,_1995%E2%80%9399",1995–1999,,
Guðni Ágústsson,http://en.wikipedia.org/wiki/Gu%C3%B0ni_%C3%81g%C3%BAstsson,Progressive Party,Southern Region,"http://en.wikipedia.org/wiki/List_of_members_of_the_parliament_of_Iceland,_1995%E2%80%9399",1995–1999,,
Guðný Guðbjörnsdóttir,"",Women's List,Capital Region,"http://en.wikipedia.org/wiki/List_of_members_of_the_parliament_of_Iceland,_1995%E2%80%9399",1995–1999,,
Gísli Einarsson,"",Social Democratic Party,Western Region,"http://en.wikipedia.org/wiki/List_of_members_of_the_parliament_of_Iceland,_1995%E2%80%9399",1995–1999,,
Halldór Blöndal,http://en.wikipedia.org/wiki/Halld%C3%B3r_Bl%C3%B6ndal,Independence Party,Northeastern Region,"http://en.wikipedia.org/wiki/List_of_members_of_the_parliament_of_Iceland,_1995%E2%80%9399",1995–1999,,
Halldór Ásgrímsson,http://en.wikipedia.org/wiki/Halld%C3%B3r_%C3%81sgr%C3%ADmsson,Progressive Party,Eastern Region,"http://en.wikipedia.org/wiki/List_of_members_of_the_parliament_of_Iceland,_1995%E2%80%9399",1995–1999,,
Hjálmar Árnason,"",Progressive Party,Reykjanes,"http://en.wikipedia.org/wiki/List_of_members_of_the_parliament_of_Iceland,_1995%E2%80%9399",1995–1999,,
Hjálmar Jónsson,"",Independence Party,Northwestern Region,"http://en.wikipedia.org/wiki/List_of_members_of_the_parliament_of_Iceland,_1995%E2%80%9399",1995–1999,,
Hjörleifur Guttormsson,http://en.wikipedia.org/wiki/Hj%C3%B6rleifur_Guttormsson,People's Alliance,Eastern Region,"http://en.wikipedia.org/wiki/List_of_members_of_the_parliament_of_Iceland,_1995%E2%80%9399",1995–1999,,
Ingibjörg Pálmadóttir,http://en.wikipedia.org/wiki/Ingibj%C3%B6rg_P%C3%A1lmad%C3%B3ttir,Progressive Party,Western Region,"http://en.wikipedia.org/wiki/List_of_members_of_the_parliament_of_Iceland,_1995%E2%80%9399",1995–1999,,
Jóhanna Sigurðardóttir,http://en.wikipedia.org/wiki/J%C3%B3hanna_Sigur%C3%B0ard%C3%B3ttir,National Awakening,Capital Region,"http://en.wikipedia.org/wiki/List_of_members_of_the_parliament_of_Iceland,_1995%E2%80%9399",1995–1999,,
Jón Hannibalsson,http://en.wikipedia.org/wiki/J%C3%B3n_Baldvin_Hannibalsson,Social Democratic Party,Capital Region,"http://en.wikipedia.org/wiki/List_of_members_of_the_parliament_of_Iceland,_1995%E2%80%9399",1995–1999,,
Jón Kristjánsson,"",Progressive Party,Eastern Region,"http://en.wikipedia.org/wiki/List_of_members_of_the_parliament_of_Iceland,_1995%E2%80%9399",1995–1999,,
Kristinn Gunnarsson,"",People's Alliance,Westfjords,"http://en.wikipedia.org/wiki/List_of_members_of_the_parliament_of_Iceland,_1995%E2%80%9399",1995–1999,,
Kristján Pálsson,"",Independence Party,Reykjanes,"http://en.wikipedia.org/wiki/List_of_members_of_the_parliament_of_Iceland,_1995%E2%80%9399",1995–1999,,
Kristín Halldórsdóttir,"",Women's List,Reykjanes,"http://en.wikipedia.org/wiki/List_of_members_of_the_parliament_of_Iceland,_1995%E2%80%9399",1995–1999,,
Kristín Ástgeirsdóttir,"",Women's List,Capital Region,"http://en.wikipedia.org/wiki/List_of_members_of_the_parliament_of_Iceland,_1995%E2%80%9399",1995–1999,,
Lára Ragnarsdóttir,"",Independence Party,Capital Region,"http://en.wikipedia.org/wiki/List_of_members_of_the_parliament_of_Iceland,_1995%E2%80%9399",1995–1999,,
Lúðvík Bergvinsson,"",Social Democratic Party,Southern Region,"http://en.wikipedia.org/wiki/List_of_members_of_the_parliament_of_Iceland,_1995%E2%80%9399",1995–1999,,
Magnús Stefánsson,http://en.wikipedia.org/wiki/Magn%C3%BAs_Stef%C3%A1nsson,Progressive Party,Western Region,"http://en.wikipedia.org/wiki/List_of_members_of_the_parliament_of_Iceland,_1995%E2%80%9399",1995–1999,,
Margrét Frímannsdóttir,"",People's Alliance,Southern Region,"http://en.wikipedia.org/wiki/List_of_members_of_the_parliament_of_Iceland,_1995%E2%80%9399",1995–1999,,
Páll Pétursson,http://en.wikipedia.org/wiki/P%C3%A1ll_P%C3%A9tursson,Progressive Party,Northwestern Region,"http://en.wikipedia.org/wiki/List_of_members_of_the_parliament_of_Iceland,_1995%E2%80%9399",1995–1999,,
Pétur Blöndal,http://en.wikipedia.org/wiki/P%C3%A9tur_H._Bl%C3%B6ndal,Independence Party,Capital Region,"http://en.wikipedia.org/wiki/List_of_members_of_the_parliament_of_Iceland,_1995%E2%80%9399",1995–1999,,
Ragnar Arnalds,http://en.wikipedia.org/wiki/Ragnar_Arnalds,People's Alliance,Northwestern Region,"http://en.wikipedia.org/wiki/List_of_members_of_the_parliament_of_Iceland,_1995%E2%80%9399",1995–1999,,
Rannveig Guðmundsdóttir,http://en.wikipedia.org/wiki/Rannveig_Gu%C3%B0mundsd%C3%B3ttir,Social Democratic Party,Reykjanes,"http://en.wikipedia.org/wiki/List_of_members_of_the_parliament_of_Iceland,_1995%E2%80%9399",1995–1999,,
Sighvatur Björgvinsson,http://en.wikipedia.org/wiki/Sighvatur_Bj%C3%B6rgvinsson,Social Democratic Party,Westfjords,"http://en.wikipedia.org/wiki/List_of_members_of_the_parliament_of_Iceland,_1995%E2%80%9399",1995–1999,,
Sigríður Þórðardóttir,http://en.wikipedia.org/wiki/Sigr%C3%AD%C3%B0ur_Anna_%C3%9E%C3%B3r%C3%B0ard%C3%B3ttir,Independence Party,Reykjanes,"http://en.wikipedia.org/wiki/List_of_members_of_the_parliament_of_Iceland,_1995%E2%80%9399",1995–1999,,
Siv Friðleifsdóttir,http://en.wikipedia.org/wiki/Siv_Fri%C3%B0leifsd%C3%B3ttir,Progressive Party,Reykjanes,"http://en.wikipedia.org/wiki/List_of_members_of_the_parliament_of_Iceland,_1995%E2%80%9399",1995–1999,,
Stefán Guðmundsson,"",Progressive Party,Northwestern Region,"http://en.wikipedia.org/wiki/List_of_members_of_the_parliament_of_Iceland,_1995%E2%80%9399",1995–1999,,
Steingrímur Sigfússon,http://en.wikipedia.org/wiki/Steingr%C3%ADmur_J._Sigf%C3%BAsson,People's Alliance,Northeastern Region,"http://en.wikipedia.org/wiki/List_of_members_of_the_parliament_of_Iceland,_1995%E2%80%9399",1995–1999,,
Sturla Böðvarsson,http://en.wikipedia.org/wiki/Sturla_B%C3%B6%C3%B0varsson,Independence Party,Western Region,"http://en.wikipedia.org/wiki/List_of_members_of_the_parliament_of_Iceland,_1995%E2%80%9399",1995–1999,,
Svanfríður Jónasdóttir,"",National Awakening,Northeastern Region,"http://en.wikipedia.org/wiki/List_of_members_of_the_parliament_of_Iceland,_1995%E2%80%9399",1995–1999,,
Svavar Gestsson,http://en.wikipedia.org/wiki/Svavar_Gestsson,People's Alliance,Capital Region,"http://en.wikipedia.org/wiki/List_of_members_of_the_parliament_of_Iceland,_1995%E2%80%9399",1995–1999,,
Sólveig Pétursdóttir,http://en.wikipedia.org/wiki/S%C3%B3lveig_P%C3%A9tursd%C3%B3ttir,Independence Party,Capital Region,"http://en.wikipedia.org/wiki/List_of_members_of_the_parliament_of_Iceland,_1995%E2%80%9399",1995–1999,,
Tómas Olrich,http://en.wikipedia.org/wiki/T%C3%B3mas_Ingi_Olrich,Independence Party,Northeastern Region,"http://en.wikipedia.org/wiki/List_of_members_of_the_parliament_of_Iceland,_1995%E2%80%9399",1995–1999,,
Valgerður Sverrisdóttir,http://en.wikipedia.org/wiki/Valger%C3%B0ur_Sverrisd%C3%B3ttir,Progressive Party,Northeastern Region,"http://en.wikipedia.org/wiki/List_of_members_of_the_parliament_of_Iceland,_1995%E2%80%9399",1995–1999,,
Vilhjálmur Egilsson,"",Independence Party,Northwestern Region,"http://en.wikipedia.org/wiki/List_of_members_of_the_parliament_of_Iceland,_1995%E2%80%9399",1995–1999,,
Ágúst Einarsson,"",National Awakening,Reykjanes,"http://en.wikipedia.org/wiki/List_of_members_of_the_parliament_of_Iceland,_1995%E2%80%9399",1995–1999,,
Árni Árnason,"",Independence Party,Reykjanes,"http://en.wikipedia.org/wiki/List_of_members_of_the_parliament_of_Iceland,_1995%E2%80%9399",1995–1999,,
Árni Johnsen,http://en.wikipedia.org/wiki/%C3%81rni_Johnsen,Independence Party,Southern Region,"http://en.wikipedia.org/wiki/List_of_members_of_the_parliament_of_Iceland,_1995%E2%80%9399",1995–1999,,
Árni Mathiesen,http://en.wikipedia.org/wiki/%C3%81rni_M._Mathiesen,Independence Party,Reykjanes,"http://en.wikipedia.org/wiki/List_of_members_of_the_parliament_of_Iceland,_1995%E2%80%9399",1995–1999,,
Ásta Jóhannesdóttir,http://en.wikipedia.org/wiki/%C3%81sta_Ragnhei%C3%B0ur_J%C3%B3hannesd%C3%B3ttir,National Awakening,Capital Region,"http://en.wikipedia.org/wiki/List_of_members_of_the_parliament_of_Iceland,_1995%E2%80%9399",1995–1999,,
Ísólfur Pálmason,"",Progressive Party,Southern Region,"http://en.wikipedia.org/wiki/List_of_members_of_the_parliament_of_Iceland,_1995%E2%80%9399",1995–1999,,
Ólafur Einarsson,http://en.wikipedia.org/wiki/%C3%93lafur_Einarsson,Independence Party,Reykjanes,"http://en.wikipedia.org/wiki/List_of_members_of_the_parliament_of_Iceland,_1995%E2%80%9399",1995–1999,,
Ólafur Grímsson,http://en.wikipedia.org/wiki/%C3%93lafur_Ragnar_Gr%C3%ADmsson,People's Alliance,Reykjanes,"http://en.wikipedia.org/wiki/List_of_members_of_the_parliament_of_Iceland,_1995%E2%80%9399",1995–1999,,
Ólafur Haraldsson,"",Progressive Party,Capital Region,"http://en.wikipedia.org/wiki/List_of_members_of_the_parliament_of_Iceland,_1995%E2%80%9399",1995–1999,,
Ögmundur Jónasson,http://en.wikipedia.org/wiki/%C3%96gmundur_J%C3%B3nasson,People's Alliance,Capital Region,"http://en.wikipedia.org/wiki/List_of_members_of_the_parliament_of_Iceland,_1995%E2%80%9399",1995–1999,,
Össur Skarphéðinsson,http://en.wikipedia.org/wiki/%C3%96ssur_Skarph%C3%A9%C3%B0insson,Social Democratic Party,Capital Region,"http://en.wikipedia.org/wiki/List_of_members_of_the_parliament_of_Iceland,_1995%E2%80%9399",1995–1999,,
Þorsteinn Pálsson,http://en.wikipedia.org/wiki/%C3%9Eorsteinn_P%C3%A1lsson,Independence Party,Southern Region,"http://en.wikipedia.org/wiki/List_of_members_of_the_parliament_of_Iceland,_1995%E2%80%9399",1995–1999,,
Arnbjörg Sveinsdóttir,"",Independence Party,East,"http://en.wikipedia.org/wiki/List_of_members_of_the_parliament_of_Iceland,_1999%E2%80%932003",1999–2003,,
Björn Bjarnason,http://en.wikipedia.org/wiki/Bj%C3%B6rn_Bjarnason,Independence Party,Reykjavik,"http://en.wikipedia.org/wiki/List_of_members_of_the_parliament_of_Iceland,_1999%E2%80%932003",1999–2003,,
Bryndís Hlöðversdóttir,"",Social Democratic Alliance,Reykjavik,"http://en.wikipedia.org/wiki/List_of_members_of_the_parliament_of_Iceland,_1999%E2%80%932003",1999–2003,,
Davíð Oddsson,http://en.wikipedia.org/wiki/Dav%C3%AD%C3%B0_Oddsson,Independence Party,Reykjavik,"http://en.wikipedia.org/wiki/List_of_members_of_the_parliament_of_Iceland,_1999%E2%80%932003",1999–2003,,
Drífa Hjartardóttir,"",Independence Party,South,"http://en.wikipedia.org/wiki/List_of_members_of_the_parliament_of_Iceland,_1999%E2%80%932003",1999–2003,,
Einar Guðfinnsson,"",Independence Party,West Fjords,"http://en.wikipedia.org/wiki/List_of_members_of_the_parliament_of_Iceland,_1999%E2%80%932003",1999–2003,,
Einar Kristjánsson,"",Independence Party,West Fjords,"http://en.wikipedia.org/wiki/List_of_members_of_the_parliament_of_Iceland,_1999%E2%80%932003",1999–2003,,
Einar Sigurðsson,"",Social Democratic Alliance,East,"http://en.wikipedia.org/wiki/List_of_members_of_the_parliament_of_Iceland,_1999%E2%80%932003",1999–2003,,
Finnur Ingólfsson,http://en.wikipedia.org/wiki/Finnur_Ing%C3%B3lfsson,Progressive Party,Reykjavik,"http://en.wikipedia.org/wiki/List_of_members_of_the_parliament_of_Iceland,_1999%E2%80%932003",1999–2003,,2000
Jónína Bjartmarz,/wiki/J%C3%B3n%C3%ADna_Bjartmarz,Progressive Party,Reykjavik,"http://en.wikipedia.org/wiki/List_of_members_of_the_parliament_of_Iceland,_1999%E2%80%932003",1999–2003,2000,
Geir Haarde,http://en.wikipedia.org/wiki/Geir_H._Haarde,Independence Party,Reykjavik,"http://en.wikipedia.org/wiki/List_of_members_of_the_parliament_of_Iceland,_1999%E2%80%932003",1999–2003,,
Gunnar Birgisson,http://en.wikipedia.org/wiki/Gunnar_Birgisson,Independence Party,Reykjanes,"http://en.wikipedia.org/wiki/List_of_members_of_the_parliament_of_Iceland,_1999%E2%80%932003",1999–2003,,
Guðjón Guðmundsson,"",Independence Party,West,"http://en.wikipedia.org/wiki/List_of_members_of_the_parliament_of_Iceland,_1999%E2%80%932003",1999–2003,,
Guðjón Kristjánsson,"",Liberal Party,West Fjords,"http://en.wikipedia.org/wiki/List_of_members_of_the_parliament_of_Iceland,_1999%E2%80%932003",1999–2003,,
Guðmundur Hallvarðsson,"",Independence Party,Reykjavik,"http://en.wikipedia.org/wiki/List_of_members_of_the_parliament_of_Iceland,_1999%E2%80%932003",1999–2003,,
Guðmundur Stefánsson,http://en.wikipedia.org/wiki/Gu%C3%B0mundur_%C3%81rni_Stef%C3%A1nsson,Social Democratic Alliance,Reykjanes,"http://en.wikipedia.org/wiki/List_of_members_of_the_parliament_of_Iceland,_1999%E2%80%932003",1999–2003,,
Guðni Ágústsson,http://en.wikipedia.org/wiki/Gu%C3%B0ni_%C3%81g%C3%BAstsson,Progressive Party,South,"http://en.wikipedia.org/wiki/List_of_members_of_the_parliament_of_Iceland,_1999%E2%80%932003",1999–2003,,
Guðrún Ögmundsdóttir,"",Social Democratic Alliance,Reykjavik,"http://en.wikipedia.org/wiki/List_of_members_of_the_parliament_of_Iceland,_1999%E2%80%932003",1999–2003,,
Gísli Einarsson,"",Social Democratic Alliance,West,"http://en.wikipedia.org/wiki/List_of_members_of_the_parliament_of_Iceland,_1999%E2%80%932003",1999–2003,,
Halldór Blöndal,http://en.wikipedia.org/wiki/Halld%C3%B3r_Bl%C3%B6ndal,Independence Party,Northeast,"http://en.wikipedia.org/wiki/List_of_members_of_the_parliament_of_Iceland,_1999%E2%80%932003",1999–2003,,
Halldór Ásgrímsson,http://en.wikipedia.org/wiki/Halld%C3%B3r_%C3%81sgr%C3%ADmsson,Progressive Party,East,"http://en.wikipedia.org/wiki/List_of_members_of_the_parliament_of_Iceland,_1999%E2%80%932003",1999–2003,,
Hjálmar Jónsson,"",Independence Party,Northwest,"http://en.wikipedia.org/wiki/List_of_members_of_the_parliament_of_Iceland,_1999%E2%80%932003",1999–2003,,2001
Sigríður Ingvarsdóttir,"",Independence Party,Northwest,"http://en.wikipedia.org/wiki/List_of_members_of_the_parliament_of_Iceland,_1999%E2%80%932003",1999–2003,2001,
Hjálmar Árnason,"",Progressive Party,Reykjanes,"http://en.wikipedia.org/wiki/List_of_members_of_the_parliament_of_Iceland,_1999%E2%80%932003",1999–2003,,
Ingibjörg Pálmadóttir,http://en.wikipedia.org/wiki/Ingibj%C3%B6rg_P%C3%A1lmad%C3%B3ttir,Progressive Party,West,"http://en.wikipedia.org/wiki/List_of_members_of_the_parliament_of_Iceland,_1999%E2%80%932003",1999–2003,,2001
Magnús Stefánsson,/wiki/Magn%C3%BAs_Stef%C3%A1nsson,Progressive Party,West,"http://en.wikipedia.org/wiki/List_of_members_of_the_parliament_of_Iceland,_1999%E2%80%932003",1999–2003,2001,
Jóhann Ársælsson,"",Social Democratic Alliance,West,"http://en.wikipedia.org/wiki/List_of_members_of_the_parliament_of_Iceland,_1999%E2%80%932003",1999–2003,,
Jóhanna Sigurðardóttir,http://en.wikipedia.org/wiki/J%C3%B3hanna_Sigur%C3%B0ard%C3%B3ttir,Social Democratic Alliance,Reykjavik,"http://en.wikipedia.org/wiki/List_of_members_of_the_parliament_of_Iceland,_1999%E2%80%932003",1999–2003,,
Jón Bjarnason,http://en.wikipedia.org/wiki/J%C3%B3n_Bjarnason,Left-Green Movement,Northwest,"http://en.wikipedia.org/wiki/List_of_members_of_the_parliament_of_Iceland,_1999%E2%80%932003",1999–2003,,
Jón Kristjánsson,http://en.wikipedia.org/wiki/J%C3%B3n_Kristj%C3%A1nsson,Progressive Party,East,"http://en.wikipedia.org/wiki/List_of_members_of_the_parliament_of_Iceland,_1999%E2%80%932003",1999–2003,,
Katrín Fjeldsted,http://en.wikipedia.org/wiki/Katr%C3%ADn_Fjeldsted,Independence Party,Reykjavik,"http://en.wikipedia.org/wiki/List_of_members_of_the_parliament_of_Iceland,_1999%E2%80%932003",1999–2003,,
Kolbrún Halldórsdóttir,http://en.wikipedia.org/wiki/Kolbr%C3%BAn_Halld%C3%B3rsd%C3%B3ttir,Left-Green Movement,Reykjavik,"http://en.wikipedia.org/wiki/List_of_members_of_the_parliament_of_Iceland,_1999%E2%80%932003",1999–2003,,
Kristinn Gunnarsson,"",Progressive Party,West Fjords,"http://en.wikipedia.org/wiki/List_of_members_of_the_parliament_of_Iceland,_1999%E2%80%932003",1999–2003,,
Kristján Möller,http://en.wikipedia.org/wiki/Kristj%C3%A1n_L._M%C3%B6ller,Social Democratic Alliance,Northwest,"http://en.wikipedia.org/wiki/List_of_members_of_the_parliament_of_Iceland,_1999%E2%80%932003",1999–2003,,
Kristján Pálsson,"",Independence Party,Reykjanes,"http://en.wikipedia.org/wiki/List_of_members_of_the_parliament_of_Iceland,_1999%E2%80%932003",1999–2003,,
Lára Ragnarsdóttir,"",Independence Party,Reykjavik,"http://en.wikipedia.org/wiki/List_of_members_of_the_parliament_of_Iceland,_1999%E2%80%932003",1999–2003,,
Lúðvík Bergvinsson,"",Social Democratic Alliance,South,"http://en.wikipedia.org/wiki/List_of_members_of_the_parliament_of_Iceland,_1999%E2%80%932003",1999–2003,,
Margrét Frímannsdóttir,"",Social Democratic Alliance,South,"http://en.wikipedia.org/wiki/List_of_members_of_the_parliament_of_Iceland,_1999%E2%80%932003",1999–2003,,
Páll Pétursson,http://en.wikipedia.org/wiki/P%C3%A1ll_P%C3%A9tursson,Progressive Party,Northwest,"http://en.wikipedia.org/wiki/List_of_members_of_the_parliament_of_Iceland,_1999%E2%80%932003",1999–2003,,
Pétur Blöndal,http://en.wikipedia.org/wiki/P%C3%A9tur_H._Bl%C3%B6ndal,Independence Party,Reykjavik,"http://en.wikipedia.org/wiki/List_of_members_of_the_parliament_of_Iceland,_1999%E2%80%932003",1999–2003,,
Rannveig Guðmundsdóttir,http://en.wikipedia.org/wiki/Rannveig_Gu%C3%B0mundsd%C3%B3ttir,Social Democratic Alliance,Reykjanes,"http://en.wikipedia.org/wiki/List_of_members_of_the_parliament_of_Iceland,_1999%E2%80%932003",1999–2003,,
Sighvatur Björgvinsson,http://en.wikipedia.org/wiki/Sighvatur_Bj%C3%B6rgvinsson,Social Democratic Alliance,West Fjords,"http://en.wikipedia.org/wiki/List_of_members_of_the_parliament_of_Iceland,_1999%E2%80%932003",1999–2003,,2001
Karl Matthíasson,"",Social Democratic Alliance,West Fjords,"http://en.wikipedia.org/wiki/List_of_members_of_the_parliament_of_Iceland,_1999%E2%80%932003",1999–2003,2001,
Sigríður Jóhannesdóttir,"",Social Democratic Alliance,Reykjanes,"http://en.wikipedia.org/wiki/List_of_members_of_the_parliament_of_Iceland,_1999%E2%80%932003",1999–2003,,
Sigríður Þórðardóttir,http://en.wikipedia.org/wiki/Sigr%C3%AD%C3%B0ur_Anna_%C3%9E%C3%B3r%C3%B0ard%C3%B3ttir,Independence Party,Reykjanes,"http://en.wikipedia.org/wiki/List_of_members_of_the_parliament_of_Iceland,_1999%E2%80%932003",1999–2003,,
Siv Friðleifsdóttir,http://en.wikipedia.org/wiki/Siv_Fri%C3%B0leifsd%C3%B3ttir,Progressive Party,Reykjanes,"http://en.wikipedia.org/wiki/List_of_members_of_the_parliament_of_Iceland,_1999%E2%80%932003",1999–2003,,
Steingrímur Sigfússon,http://en.wikipedia.org/wiki/Steingr%C3%ADmur_J._Sigf%C3%BAsson,Left-Green Movement,Northeast,"http://en.wikipedia.org/wiki/List_of_members_of_the_parliament_of_Iceland,_1999%E2%80%932003",1999–2003,,
Sturla Böðvarsson,http://en.wikipedia.org/wiki/Sturla_B%C3%B6%C3%B0varsson,Independence Party,West,"http://en.wikipedia.org/wiki/List_of_members_of_the_parliament_of_Iceland,_1999%E2%80%932003",1999–2003,,
Svanfríður Jónasdóttir,"",Social Democratic Alliance,Northeast,"http://en.wikipedia.org/wiki/List_of_members_of_the_parliament_of_Iceland,_1999%E2%80%932003",1999–2003,,
Sverrir Hermannsson,http://en.wikipedia.org/wiki/Sverrir_Hermannsson,Liberal Party,Reykjavik,"http://en.wikipedia.org/wiki/List_of_members_of_the_parliament_of_Iceland,_1999%E2%80%932003",1999–2003,,
Sólveig Pétursdóttir,http://en.wikipedia.org/wiki/S%C3%B3lveig_P%C3%A9tursd%C3%B3ttir,Independence Party,Reykjavik,"http://en.wikipedia.org/wiki/List_of_members_of_the_parliament_of_Iceland,_1999%E2%80%932003",1999–2003,,
Tómas Olrich,http://en.wikipedia.org/wiki/T%C3%B3mas_Ingi_Olrich,Independence Party,Northeast,"http://en.wikipedia.org/wiki/List_of_members_of_the_parliament_of_Iceland,_1999%E2%80%932003",1999–2003,,
Valgerður Sverrisdóttir,http://en.wikipedia.org/wiki/Valger%C3%B0ur_Sverrisd%C3%B3ttir,Progressive Party,Northeast,"http://en.wikipedia.org/wiki/List_of_members_of_the_parliament_of_Iceland,_1999%E2%80%932003",1999–2003,,
Vilhjálmur Egilsson,"",Independence Party,Northwest,"http://en.wikipedia.org/wiki/List_of_members_of_the_parliament_of_Iceland,_1999%E2%80%932003",1999–2003,,2003
Adolf Berndsen,"",Independence Party,Northwest,"http://en.wikipedia.org/wiki/List_of_members_of_the_parliament_of_Iceland,_1999%E2%80%932003",1999–2003,2003,
Árni Árnason,"",Independence Party,Reykjanes,"http://en.wikipedia.org/wiki/List_of_members_of_the_parliament_of_Iceland,_1999%E2%80%932003",1999–2003,,
Árni Jóhannsson,"",Left-Green Movement,Northeast,"http://en.wikipedia.org/wiki/List_of_members_of_the_parliament_of_Iceland,_1999%E2%80%932003",1999–2003,,
Árni Johnsen,http://en.wikipedia.org/wiki/%C3%81rni_Johnsen,Independence Party,South,"http://en.wikipedia.org/wiki/List_of_members_of_the_parliament_of_Iceland,_1999%E2%80%932003",1999–2003,,2001
Kjartan Ólafsson,/wiki/Kjartan_%C3%93lafsson,Independence Party,South,"http://en.wikipedia.org/wiki/List_of_members_of_the_parliament_of_Iceland,_1999%E2%80%932003",1999–2003,2001,
Árni Mathiesen,http://en.wikipedia.org/wiki/%C3%81rni_M._Mathiesen,Independence Party,Reykjanes,"http://en.wikipedia.org/wiki/List_of_members_of_the_parliament_of_Iceland,_1999%E2%80%932003",1999–2003,,
Ásta Jóhannesdóttir,http://en.wikipedia.org/wiki/%C3%81sta_Ragnhei%C3%B0ur_J%C3%B3hannesd%C3%B3ttir,Social Democratic Alliance,Reykjavik,"http://en.wikipedia.org/wiki/List_of_members_of_the_parliament_of_Iceland,_1999%E2%80%932003",1999–2003,,
Ásta Möller,"",Independence Party,Reykjavik,"http://en.wikipedia.org/wiki/List_of_members_of_the_parliament_of_Iceland,_1999%E2%80%932003",1999–2003,,
Ísólfur Pálmason,"",Progressive Party,South,"http://en.wikipedia.org/wiki/List_of_members_of_the_parliament_of_Iceland,_1999%E2%80%932003",1999–2003,,
Ólafur Haraldsson,"",Progressive Party,Reykjavik,"http://en.wikipedia.org/wiki/List_of_members_of_the_parliament_of_Iceland,_1999%E2%80%932003",1999–2003,,
Ögmundur Jónasson,http://en.wikipedia.org/wiki/%C3%96gmundur_J%C3%B3nasson,Left-Green Movement,Reykjavik,"http://en.wikipedia.org/wiki/List_of_members_of_the_parliament_of_Iceland,_1999%E2%80%932003",1999–2003,,
Össur Skarphéðinsson,http://en.wikipedia.org/wiki/%C3%96ssur_Skarph%C3%A9%C3%B0insson,Social Democratic Alliance,Reykjavik,"http://en.wikipedia.org/wiki/List_of_members_of_the_parliament_of_Iceland,_1999%E2%80%932003",1999–2003,,
Þorgerður Gunnarsdóttir,http://en.wikipedia.org/wiki/%C3%9Eorger%C3%B0ur_Katr%C3%ADn_Gunnarsd%C3%B3ttir,Independence Party,Reykjanes,"http://en.wikipedia.org/wiki/List_of_members_of_the_parliament_of_Iceland,_1999%E2%80%932003",1999–2003,,
Þuríður Backman,http://en.wikipedia.org/wiki/%C3%9Eur%C3%AD%C3%B0ur_Backman,Left-Green Movement,East,"http://en.wikipedia.org/wiki/List_of_members_of_the_parliament_of_Iceland,_1999%E2%80%932003",1999–2003,,
Þórunn Sveinbjarnardóttir,http://en.wikipedia.org/wiki/%C3%9E%C3%B3runn_Sveinbjarnard%C3%B3ttir,Social Democratic Alliance,Reykjanes,"http://en.wikipedia.org/wiki/List_of_members_of_the_parliament_of_Iceland,_1999%E2%80%932003",1999–2003,,
Anna Gunnarsdóttir,"",Social Democratic Alliance,Northwest,"http://en.wikipedia.org/wiki/List_of_members_of_the_parliament_of_Iceland,_2003%E2%80%9307",2003–2007,,
Birgir Ármannsson,http://en.wikipedia.org/wiki/Birgir_%C3%81rmannsson,Independence Party,Reykjavik South,"http://en.wikipedia.org/wiki/List_of_members_of_the_parliament_of_Iceland,_2003%E2%80%9307",2003–2007,,
Birkir Jónsson,http://en.wikipedia.org/wiki/Birkir_J%C3%B3n_J%C3%B3nsson,Progressive Party,Northeast,"http://en.wikipedia.org/wiki/List_of_members_of_the_parliament_of_Iceland,_2003%E2%80%9307",2003–2007,,
Bjarni Benediktsson,http://en.wikipedia.org/wiki/Bjarni_Benediktsson,Independence Party,Southwest,"http://en.wikipedia.org/wiki/List_of_members_of_the_parliament_of_Iceland,_2003%E2%80%9307",2003–2007,,
Björgvin Sigurðsson,http://en.wikipedia.org/wiki/Bj%C3%B6rgvin_G._Sigur%C3%B0sson,Social Democratic Alliance,South,"http://en.wikipedia.org/wiki/List_of_members_of_the_parliament_of_Iceland,_2003%E2%80%9307",2003–2007,,
Björn Bjarnason,http://en.wikipedia.org/wiki/Bj%C3%B6rn_Bjarnason,Independence Party,Reykjavik North,"http://en.wikipedia.org/wiki/List_of_members_of_the_parliament_of_Iceland,_2003%E2%80%9307",2003–2007,,
Bryndís Hlöðversdóttir,"",Social Democratic Alliance,Reykjavik North,"http://en.wikipedia.org/wiki/List_of_members_of_the_parliament_of_Iceland,_2003%E2%80%9307",2003–2007,,2005
Ingibjörg Gísladóttir,/wiki/Ingibj%C3%B6rg_S%C3%B3lr%C3%BAn_G%C3%ADslad%C3%B3ttir,Social Democratic Alliance,Reykjavik North,"http://en.wikipedia.org/wiki/List_of_members_of_the_parliament_of_Iceland,_2003%E2%80%9307",2003–2007,2005,
Dagný Jónsdóttir,"",Progressive Party,Northeast,"http://en.wikipedia.org/wiki/List_of_members_of_the_parliament_of_Iceland,_2003%E2%80%9307",2003–2007,,
Davíð Oddsson,http://en.wikipedia.org/wiki/Dav%C3%AD%C3%B0_Oddsson,Independence Party,Reykjavik North,"http://en.wikipedia.org/wiki/List_of_members_of_the_parliament_of_Iceland,_2003%E2%80%9307",2003–2007,,2006
Ásta Möller,"",Independence Party,Reykjavik North,"http://en.wikipedia.org/wiki/List_of_members_of_the_parliament_of_Iceland,_2003%E2%80%9307",2003–2007,2006,
Drífa Hjartardóttir,"",Independence Party,South,"http://en.wikipedia.org/wiki/List_of_members_of_the_parliament_of_Iceland,_2003%E2%80%9307",2003–2007,,
Einar Guðfinnsson,"",Independence Party,Northwest,"http://en.wikipedia.org/wiki/List_of_members_of_the_parliament_of_Iceland,_2003%E2%80%9307",2003–2007,,
Einar Kristjánsson,"",Independence Party,Northwest,"http://en.wikipedia.org/wiki/List_of_members_of_the_parliament_of_Iceland,_2003%E2%80%9307",2003–2007,,
Einar Sigurðsson,"",Social Democratic Alliance,Northeast,"http://en.wikipedia.org/wiki/List_of_members_of_the_parliament_of_Iceland,_2003%E2%80%9307",2003–2007,,
Geir Haarde,http://en.wikipedia.org/wiki/Geir_H._Haarde,Independence Party,Reykjavik South,"http://en.wikipedia.org/wiki/List_of_members_of_the_parliament_of_Iceland,_2003%E2%80%9307",2003–2007,,
Gunnar Birgisson,http://en.wikipedia.org/wiki/Gunnar_Birgisson,Independence Party,Southwest,"http://en.wikipedia.org/wiki/List_of_members_of_the_parliament_of_Iceland,_2003%E2%80%9307",2003–2007,,2006
Sigurrós Þorgrímsdóttir,/wiki/Sigurr%C3%B3s_%C3%9Eorgr%C3%ADmsd%C3%B3ttir,Independence Party,Southwest,"http://en.wikipedia.org/wiki/List_of_members_of_the_parliament_of_Iceland,_2003%E2%80%9307",2003–2007,2006,
Gunnar Örlygsson,"",Liberal Party,Southwest,"http://en.wikipedia.org/wiki/List_of_members_of_the_parliament_of_Iceland,_2003%E2%80%9307",2003–2007,,2005
Gunnar Örlygsson,"",Independence Party,Southwest,"http://en.wikipedia.org/wiki/List_of_members_of_the_parliament_of_Iceland,_2003%E2%80%9307",2003–2007,2005,
Guðjón Hjörleifsson,"",Independence Party,South,"http://en.wikipedia.org/wiki/List_of_members_of_the_parliament_of_Iceland,_2003%E2%80%9307",2003–2007,,
Guðjón Kristjánsson,"",Liberal Party,Northwest,"http://en.wikipedia.org/wiki/List_of_members_of_the_parliament_of_Iceland,_2003%E2%80%9307",2003–2007,,
Guðlaugur Þórðarson,http://en.wikipedia.org/wiki/Gu%C3%B0laugur_%C3%9E%C3%B3r_%C3%9E%C3%B3r%C3%B0arson,Independence Party,Reykjavik North,"http://en.wikipedia.org/wiki/List_of_members_of_the_parliament_of_Iceland,_2003%E2%80%9307",2003–2007,,
Guðmundur Hallvarðsson,"",Independence Party,Reykjavik South,"http://en.wikipedia.org/wiki/List_of_members_of_the_parliament_of_Iceland,_2003%E2%80%9307",2003–2007,,
Guðmundur Stefánsson,http://en.wikipedia.org/wiki/Gu%C3%B0mundur_%C3%81rni_Stef%C3%A1nsson,Social Democratic Alliance,Southwest,"http://en.wikipedia.org/wiki/List_of_members_of_the_parliament_of_Iceland,_2003%E2%80%9307",2003–2007,,2005
Valdimar Friðriksson,"",Social Democratic Alliance,Southwest,"http://en.wikipedia.org/wiki/List_of_members_of_the_parliament_of_Iceland,_2003%E2%80%9307",2003–2007,2005,
Guðni Ágústsson,http://en.wikipedia.org/wiki/Gu%C3%B0ni_%C3%81g%C3%BAstsson,Progressive Party,South,"http://en.wikipedia.org/wiki/List_of_members_of_the_parliament_of_Iceland,_2003%E2%80%9307",2003–2007,,
Guðrún Ögmundsdóttir,"",Social Democratic Alliance,Reykjavik North,"http://en.wikipedia.org/wiki/List_of_members_of_the_parliament_of_Iceland,_2003%E2%80%9307",2003–2007,,
Halldór Blöndal,http://en.wikipedia.org/wiki/Halld%C3%B3r_Bl%C3%B6ndal,Independence Party,Northeast,"http://en.wikipedia.org/wiki/List_of_members_of_the_parliament_of_Iceland,_2003%E2%80%9307",2003–2007,,
Halldór Ásgrímsson,http://en.wikipedia.org/wiki/Halld%C3%B3r_%C3%81sgr%C3%ADmsson,Progressive Party,Reykjavik North,"http://en.wikipedia.org/wiki/List_of_members_of_the_parliament_of_Iceland,_2003%E2%80%9307",2003–2007,,2006
Guðjón Jónsson,"",Progressive Party,Reykjavik North,"http://en.wikipedia.org/wiki/List_of_members_of_the_parliament_of_Iceland,_2003%E2%80%9307",2003–2007,2006,
Hjálmar Árnason,"",Progressive Party,South,"http://en.wikipedia.org/wiki/List_of_members_of_the_parliament_of_Iceland,_2003%E2%80%9307",2003–2007,,
Helgi Hjörvar,http://en.wikipedia.org/wiki/Helgi_Hj%C3%B6rvar,Social Democratic Alliance,Reykjavik North,"http://en.wikipedia.org/wiki/List_of_members_of_the_parliament_of_Iceland,_2003%E2%80%9307",2003–2007,,
Jóhann Ársælsson,"",Social Democratic Alliance,Northwest,"http://en.wikipedia.org/wiki/List_of_members_of_the_parliament_of_Iceland,_2003%E2%80%9307",2003–2007,,
Jóhanna Sigurðardóttir,http://en.wikipedia.org/wiki/J%C3%B3hanna_Sigur%C3%B0ard%C3%B3ttir,Social Democratic Alliance,Reykjavik South,"http://en.wikipedia.org/wiki/List_of_members_of_the_parliament_of_Iceland,_2003%E2%80%9307",2003–2007,,
Jón Bjarnason,http://en.wikipedia.org/wiki/J%C3%B3n_Bjarnason,Left-Green Movement,Northwest,"http://en.wikipedia.org/wiki/List_of_members_of_the_parliament_of_Iceland,_2003%E2%80%9307",2003–2007,,
Jón Gunnarsson,http://en.wikipedia.org/wiki/J%C3%B3n_Gunnarsson,Social Democratic Alliance,South,"http://en.wikipedia.org/wiki/List_of_members_of_the_parliament_of_Iceland,_2003%E2%80%9307",2003–2007,,
Jón Kristjánsson,http://en.wikipedia.org/wiki/J%C3%B3n_Kristj%C3%A1nsson,Progressive Party,Northeast,"http://en.wikipedia.org/wiki/List_of_members_of_the_parliament_of_Iceland,_2003%E2%80%9307",2003–2007,,
Jónína Bjartmarz,http://en.wikipedia.org/wiki/J%C3%B3n%C3%ADna_Bjartmarz,Progressive Party,Reykjavik South,"http://en.wikipedia.org/wiki/List_of_members_of_the_parliament_of_Iceland,_2003%E2%80%9307",2003–2007,,
Katrín Júlíusdóttir,http://en.wikipedia.org/wiki/Katr%C3%ADn_J%C3%BAl%C3%ADusd%C3%B3ttir,Social Democratic Alliance,Southwest,"http://en.wikipedia.org/wiki/List_of_members_of_the_parliament_of_Iceland,_2003%E2%80%9307",2003–2007,,
Kolbrún Halldórsdóttir,http://en.wikipedia.org/wiki/Kolbr%C3%BAn_Halld%C3%B3rsd%C3%B3ttir,Left-Green Movement,Reykjavik North,"http://en.wikipedia.org/wiki/List_of_members_of_the_parliament_of_Iceland,_2003%E2%80%9307",2003–2007,,
Kristinn Gunnarsson,"",Progressive Party,Northwest,"http://en.wikipedia.org/wiki/List_of_members_of_the_parliament_of_Iceland,_2003%E2%80%9307",2003–2007,,2007
Kristinn Gunnarsson,"",Liberal Party,Northwest,"http://en.wikipedia.org/wiki/List_of_members_of_the_parliament_of_Iceland,_2003%E2%80%9307",2003–2007,2007,
Kristján Möller,http://en.wikipedia.org/wiki/Kristj%C3%A1n_L._M%C3%B6ller,Social Democratic Alliance,Northeast,"http://en.wikipedia.org/wiki/List_of_members_of_the_parliament_of_Iceland,_2003%E2%80%9307",2003–2007,,
Lúðvík Bergvinsson,"",Social Democratic Alliance,South,"http://en.wikipedia.org/wiki/List_of_members_of_the_parliament_of_Iceland,_2003%E2%80%9307",2003–2007,,
Magnús Hafsteinsson,http://en.wikipedia.org/wiki/Magn%C3%BAs_%C3%9E%C3%B3r_Hafsteinsson,Liberal Party,South,"http://en.wikipedia.org/wiki/List_of_members_of_the_parliament_of_Iceland,_2003%E2%80%9307",2003–2007,,
Magnús Stefánsson,http://en.wikipedia.org/wiki/Magn%C3%BAs_Stef%C3%A1nsson,Progressive Party,Northwest,"http://en.wikipedia.org/wiki/List_of_members_of_the_parliament_of_Iceland,_2003%E2%80%9307",2003–2007,,
Margrét Frímannsdóttir,"",Social Democratic Alliance,South,"http://en.wikipedia.org/wiki/List_of_members_of_the_parliament_of_Iceland,_2003%E2%80%9307",2003–2007,,
Mörður Árnason,http://en.wikipedia.org/wiki/M%C3%B6r%C3%B0ur_%C3%81rnason,Social Democratic Alliance,Reykjavik South,"http://en.wikipedia.org/wiki/List_of_members_of_the_parliament_of_Iceland,_2003%E2%80%9307",2003–2007,,
Össur Skarphéðinsson,http://en.wikipedia.org/wiki/%C3%96ssur_Skarph%C3%A9%C3%B0insson,Social Democratic Alliance,Reykjavik North,"http://en.wikipedia.org/wiki/List_of_members_of_the_parliament_of_Iceland,_2003%E2%80%9307",2003–2007,,
Pétur Blöndal,http://en.wikipedia.org/wiki/P%C3%A9tur_H._Bl%C3%B6ndal,Independence Party,Reykjavik South,"http://en.wikipedia.org/wiki/List_of_members_of_the_parliament_of_Iceland,_2003%E2%80%9307",2003–2007,,
Rannveig Guðmundsdóttir,http://en.wikipedia.org/wiki/Rannveig_Gu%C3%B0mundsd%C3%B3ttir,Social Democratic Alliance,Southwest,"http://en.wikipedia.org/wiki/List_of_members_of_the_parliament_of_Iceland,_2003%E2%80%9307",2003–2007,,
Sigríður Þórðardóttir,http://en.wikipedia.org/wiki/Sigr%C3%AD%C3%B0ur_Anna_%C3%9E%C3%B3r%C3%B0ard%C3%B3ttir,Independence Party,Southwest,"http://en.wikipedia.org/wiki/List_of_members_of_the_parliament_of_Iceland,_2003%E2%80%9307",2003–2007,,
Sigurður Kristjánsson,http://en.wikipedia.org/wiki/Sigur%C3%B0ur_K%C3%A1ri_Kristj%C3%A1nsson,Independence Party,Reykjavik North,"http://en.wikipedia.org/wiki/List_of_members_of_the_parliament_of_Iceland,_2003%E2%80%9307",2003–2007,,
Sigurjón Þórðarson,http://en.wikipedia.org/wiki/Sigurj%C3%B3n_%C3%9E%C3%B3r%C3%B0arson,Liberal Party,Northwest,"http://en.wikipedia.org/wiki/List_of_members_of_the_parliament_of_Iceland,_2003%E2%80%9307",2003–2007,,
Siv Friðleifsdóttir,http://en.wikipedia.org/wiki/Siv_Fri%C3%B0leifsd%C3%B3ttir,Progressive Party,Southwest,"http://en.wikipedia.org/wiki/List_of_members_of_the_parliament_of_Iceland,_2003%E2%80%9307",2003–2007,,
Sólveig Pétursdóttir,http://en.wikipedia.org/wiki/S%C3%B3lveig_P%C3%A9tursd%C3%B3ttir,Independence Party,Reykjavik South,"http://en.wikipedia.org/wiki/List_of_members_of_the_parliament_of_Iceland,_2003%E2%80%9307",2003–2007,,
Steingrímur Sigfússon,http://en.wikipedia.org/wiki/Steingr%C3%ADmur_J._Sigf%C3%BAsson,Left-Green Movement,Northeast,"http://en.wikipedia.org/wiki/List_of_members_of_the_parliament_of_Iceland,_2003%E2%80%9307",2003–2007,,
Sturla Böðvarsson,http://en.wikipedia.org/wiki/Sturla_B%C3%B6%C3%B0varsson,Independence Party,Northwest,"http://en.wikipedia.org/wiki/List_of_members_of_the_parliament_of_Iceland,_2003%E2%80%9307",2003–2007,,
Tómas Olrich,http://en.wikipedia.org/wiki/T%C3%B3mas_Ingi_Olrich,Independence Party,Northeast,"http://en.wikipedia.org/wiki/List_of_members_of_the_parliament_of_Iceland,_2003%E2%80%9307",2003–2007,,2004
Arnbjörg Sveinsdóttir,"",Independence Party,Northeast,"http://en.wikipedia.org/wiki/List_of_members_of_the_parliament_of_Iceland,_2003%E2%80%9307",2003–2007,2004,
Valgerður Sverrisdóttir,http://en.wikipedia.org/wiki/Valger%C3%B0ur_Sverrisd%C3%B3ttir,Progressive Party,Northeast,"http://en.wikipedia.org/wiki/List_of_members_of_the_parliament_of_Iceland,_2003%E2%80%9307",2003–2007,,
Ágúst Ágústsson,"",Social Democratic Alliance,Reykjavik South,"http://en.wikipedia.org/wiki/List_of_members_of_the_parliament_of_Iceland,_2003%E2%80%9307",2003–2007,,
Árni Árnason,"",Independence Party,South,"http://en.wikipedia.org/wiki/List_of_members_of_the_parliament_of_Iceland,_2003%E2%80%9307",2003–2007,,2004
Kjartan Ólafsson,/wiki/Kjartan_%C3%93lafsson,Independence Party,South,"http://en.wikipedia.org/wiki/List_of_members_of_the_parliament_of_Iceland,_2003%E2%80%9307",2003–2007,2004,
Árni Magnússon,http://en.wikipedia.org/wiki/%C3%81rni_Magn%C3%BAsson,Progressive Party,Reykjavik North,"http://en.wikipedia.org/wiki/List_of_members_of_the_parliament_of_Iceland,_2003%E2%80%9307",2003–2007,,2006
Sæunn Stefánsdóttir,"",Progressive Party,Reykjavik North,"http://en.wikipedia.org/wiki/List_of_members_of_the_parliament_of_Iceland,_2003%E2%80%9307",2003–2007,2006,
Árni Mathiesen,http://en.wikipedia.org/wiki/%C3%81rni_Mathiesen,Independence Party,Southwest,"http://en.wikipedia.org/wiki/List_of_members_of_the_parliament_of_Iceland,_2003%E2%80%9307",2003–2007,,
Ásta Jóhannesdóttir,http://en.wikipedia.org/wiki/%C3%81sta_Ragnhei%C3%B0ur_J%C3%B3hannesd%C3%B3ttir,Social Democratic Alliance,Reykjavik South,"http://en.wikipedia.org/wiki/List_of_members_of_the_parliament_of_Iceland,_2003%E2%80%9307",2003–2007,,
Ögmundur Jónasson,http://en.wikipedia.org/wiki/%C3%96gmundur_J%C3%B3nasson,Left-Green Movement,Reykjavik South,"http://en.wikipedia.org/wiki/List_of_members_of_the_parliament_of_Iceland,_2003%E2%80%9307",2003–2007,,
Þorgerður Gunnarsdóttir,http://en.wikipedia.org/wiki/%C3%9Eorger%C3%B0ur_Katr%C3%ADn_Gunnarsd%C3%B3ttir,Independence Party,Southwest,"http://en.wikipedia.org/wiki/List_of_members_of_the_parliament_of_Iceland,_2003%E2%80%9307",2003–2007,,
Þórunn Sveinbjarnardóttir,http://en.wikipedia.org/wiki/%C3%9E%C3%B3runn_Sveinbjarnard%C3%B3ttir,Social Democratic Alliance,Southwest,"http://en.wikipedia.org/wiki/List_of_members_of_the_parliament_of_Iceland,_2003%E2%80%9307",2003–2007,,
Þuríður Backman,http://en.wikipedia.org/wiki/%C3%9Eur%C3%AD%C3%B0ur_Backman,Left-Green Movement,Northeast,"http://en.wikipedia.org/wiki/List_of_members_of_the_parliament_of_Iceland,_2003%E2%80%9307",2003–2007,,
Arnbjörg Sveinsdóttir,"",Independence Party,Northeast,"http://en.wikipedia.org/wiki/List_of_members_of_the_parliament_of_Iceland,_2007%E2%80%9309",2007–2009,,
Atli Gíslason,http://en.wikipedia.org/wiki/Atli_G%C3%ADslason,Left-Green Movement,South,"http://en.wikipedia.org/wiki/List_of_members_of_the_parliament_of_Iceland,_2007%E2%80%9309",2007–2009,,
Birgir Ármannsson,http://en.wikipedia.org/wiki/Birgir_%C3%81rmannsson,Independence Party,Reykjavik South,"http://en.wikipedia.org/wiki/List_of_members_of_the_parliament_of_Iceland,_2007%E2%80%9309",2007–2009,,
Birkir Jónsson,http://en.wikipedia.org/wiki/Birkir_J%C3%B3n_J%C3%B3nsson,Progressive Party,Northeast,"http://en.wikipedia.org/wiki/List_of_members_of_the_parliament_of_Iceland,_2007%E2%80%9309",2007–2009,,
Bjarni Benediktsson,http://en.wikipedia.org/wiki/Bjarni_Benediktsson,Independence Party,Southwest,"http://en.wikipedia.org/wiki/List_of_members_of_the_parliament_of_Iceland,_2007%E2%80%9309",2007–2009,,
Bjarni Harðarson,http://en.wikipedia.org/wiki/Bjarni_Har%C3%B0arson,Progressive Party,South,"http://en.wikipedia.org/wiki/List_of_members_of_the_parliament_of_Iceland,_2007%E2%80%9309",2007–2009,,2008
Helga Harðardóttir,"",Progressive Party,South,"http://en.wikipedia.org/wiki/List_of_members_of_the_parliament_of_Iceland,_2007%E2%80%9309",2007–2009,2008,
Björgvin Sigurðsson,http://en.wikipedia.org/wiki/Bj%C3%B6rgvin_G._Sigur%C3%B0sson,Social Democratic Alliance,South,"http://en.wikipedia.org/wiki/List_of_members_of_the_parliament_of_Iceland,_2007%E2%80%9309",2007–2009,,
Björk Guðjónsdóttir,"",Independence Party,South,"http://en.wikipedia.org/wiki/List_of_members_of_the_parliament_of_Iceland,_2007%E2%80%9309",2007–2009,,
Björn Bjarnason,http://en.wikipedia.org/wiki/Bj%C3%B6rn_Bjarnason,Independence Party,Reykjavik South,"http://en.wikipedia.org/wiki/List_of_members_of_the_parliament_of_Iceland,_2007%E2%80%9309",2007–2009,,
Einar Guðfinnsson,http://en.wikipedia.org/wiki/Einar_Kristinn_Gu%C3%B0finnsson,Independence Party,Northwest,"http://en.wikipedia.org/wiki/List_of_members_of_the_parliament_of_Iceland,_2007%E2%80%9309",2007–2009,,
Einar Sigurðsson,"",Social Democratic Alliance,Northeast,"http://en.wikipedia.org/wiki/List_of_members_of_the_parliament_of_Iceland,_2007%E2%80%9309",2007–2009,,
Ellert Schram,"",Social Democratic Alliance,Reykjavik North,"http://en.wikipedia.org/wiki/List_of_members_of_the_parliament_of_Iceland,_2007%E2%80%9309",2007–2009,,
Geir Haarde,http://en.wikipedia.org/wiki/Geir_H._Haarde,Independence Party,Reykjavik South,"http://en.wikipedia.org/wiki/List_of_members_of_the_parliament_of_Iceland,_2007%E2%80%9309",2007–2009,,
Grétar Jónsson,"",Liberal Party,South,"http://en.wikipedia.org/wiki/List_of_members_of_the_parliament_of_Iceland,_2007%E2%80%9309",2007–2009,,
Gunnar Svavarsson,"",Social Democratic Alliance,Southwest,"http://en.wikipedia.org/wiki/List_of_members_of_the_parliament_of_Iceland,_2007%E2%80%9309",2007–2009,,
Guðfinna Bjarnadóttir,"",Independence Party,Reykjavik North,"http://en.wikipedia.org/wiki/List_of_members_of_the_parliament_of_Iceland,_2007%E2%80%9309",2007–2009,,
Guðlaugur Þórðarson,http://en.wikipedia.org/wiki/Gu%C3%B0laugur_%C3%9E%C3%B3r_%C3%9E%C3%B3r%C3%B0arson,Independence Party,Reykjavik North,"http://en.wikipedia.org/wiki/List_of_members_of_the_parliament_of_Iceland,_2007%E2%80%9309",2007–2009,,
Guðni Ágústsson,http://en.wikipedia.org/wiki/Gu%C3%B0ni_%C3%81g%C3%BAstsson,Progressive Party,South,"http://en.wikipedia.org/wiki/List_of_members_of_the_parliament_of_Iceland,_2007%E2%80%9309",2007–2009,,2008-11-17
Eygló Harðardóttir,/wiki/Eygl%C3%B3_Har%C3%B0ard%C3%B3ttir,Progressive Party,South,"http://en.wikipedia.org/wiki/List_of_members_of_the_parliament_of_Iceland,_2007%E2%80%9309",2007–2009,2008-11-17,
Helgi Hjörvar,http://en.wikipedia.org/wiki/Helgi_Hj%C3%B6rvar,Social Democratic Alliance,Reykjavik North,"http://en.wikipedia.org/wiki/List_of_members_of_the_parliament_of_Iceland,_2007%E2%80%9309",2007–2009,,
Illugi Gunnarsson,http://en.wikipedia.org/wiki/Illugi_Gunnarsson,Independence Party,Reykjavik South,"http://en.wikipedia.org/wiki/List_of_members_of_the_parliament_of_Iceland,_2007%E2%80%9309",2007–2009,,
Ingibjörg Gísladóttir,http://en.wikipedia.org/wiki/Ingibj%C3%B6rg_S%C3%B3lr%C3%BAn_G%C3%ADslad%C3%B3ttir,Social Democratic Alliance,Reykjavik South,"http://en.wikipedia.org/wiki/List_of_members_of_the_parliament_of_Iceland,_2007%E2%80%9309",2007–2009,,
Jóhanna Sigurðardóttir,http://en.wikipedia.org/wiki/J%C3%B3hanna_Sigur%C3%B0ard%C3%B3ttir,Social Democratic Alliance,Reykjavik North,"http://en.wikipedia.org/wiki/List_of_members_of_the_parliament_of_Iceland,_2007%E2%80%9309",2007–2009,,
Jón Gunnarsson,http://en.wikipedia.org/wiki/J%C3%B3n_Gunnarsson,Independence Party,Southwest,"http://en.wikipedia.org/wiki/List_of_members_of_the_parliament_of_Iceland,_2007%E2%80%9309",2007–2009,,
Jón Magnússon,http://en.wikipedia.org/wiki/J%C3%B3n_Magn%C3%BAsson,Liberal Party,Reykjavik South,"http://en.wikipedia.org/wiki/List_of_members_of_the_parliament_of_Iceland,_2007%E2%80%9309",2007–2009,,2009
Jón Magnússon,http://en.wikipedia.org/wiki/J%C3%B3n_Magn%C3%BAsson,Independence Party,Reykjavik South,"http://en.wikipedia.org/wiki/List_of_members_of_the_parliament_of_Iceland,_2007%E2%80%9309",2007–2009,2009,
Katrín Jakobsdóttir,http://en.wikipedia.org/wiki/Katr%C3%ADn_Jakobsd%C3%B3ttir,Left-Green Movement,Reykjavik North,"http://en.wikipedia.org/wiki/List_of_members_of_the_parliament_of_Iceland,_2007%E2%80%9309",2007–2009,,
Katrín Júlíusdóttir,http://en.wikipedia.org/wiki/Katr%C3%ADn_J%C3%BAl%C3%ADusd%C3%B3ttir,Social Democratic Alliance,Southwest,"http://en.wikipedia.org/wiki/List_of_members_of_the_parliament_of_Iceland,_2007%E2%80%9309",2007–2009,,
Karl Matthíasson,"",Social Democratic Alliance,Northwest,"http://en.wikipedia.org/wiki/List_of_members_of_the_parliament_of_Iceland,_2007%E2%80%9309",2007–2009,,2009
Karl Matthíasson,"",Liberal Party,Northwest,"http://en.wikipedia.org/wiki/List_of_members_of_the_parliament_of_Iceland,_2007%E2%80%9309",2007–2009,2009,
Kjartan Ólafsson,http://en.wikipedia.org/wiki/Kjartan_%C3%93lafsson,Independence Party,South,"http://en.wikipedia.org/wiki/List_of_members_of_the_parliament_of_Iceland,_2007%E2%80%9309",2007–2009,,
Kolbrún Halldórsdóttir,http://en.wikipedia.org/wiki/Kolbr%C3%BAn_Halld%C3%B3rsd%C3%B3ttir,Left-Green Movement,Reykjavik South,"http://en.wikipedia.org/wiki/List_of_members_of_the_parliament_of_Iceland,_2007%E2%80%9309",2007–2009,,
Kristinn Gunnarsson,"",Liberal Party,Northwest,"http://en.wikipedia.org/wiki/List_of_members_of_the_parliament_of_Iceland,_2007%E2%80%9309",2007–2009,,2009
Kristinn Gunnarsson,"",Independent,Northwest,"http://en.wikipedia.org/wiki/List_of_members_of_the_parliament_of_Iceland,_2007%E2%80%9309",2007–2009,2009,
Kristján Júlíusson,http://en.wikipedia.org/wiki/Kristj%C3%A1n_%C3%9E%C3%B3r_J%C3%BAl%C3%ADusson,Independence Party,Northeast,"http://en.wikipedia.org/wiki/List_of_members_of_the_parliament_of_Iceland,_2007%E2%80%9309",2007–2009,,
Kristján Möller,http://en.wikipedia.org/wiki/Kristj%C3%A1n_L._M%C3%B6ller,Social Democratic Alliance,Northeast,"http://en.wikipedia.org/wiki/List_of_members_of_the_parliament_of_Iceland,_2007%E2%80%9309",2007–2009,,
Lúðvík Bergvinsson,"",Social Democratic Alliance,South,"http://en.wikipedia.org/wiki/List_of_members_of_the_parliament_of_Iceland,_2007%E2%80%9309",2007–2009,,
Magnús Stefánsson,http://en.wikipedia.org/wiki/Magn%C3%BAs_Stef%C3%A1nsson,Progressive Party,Northwest,"http://en.wikipedia.org/wiki/List_of_members_of_the_parliament_of_Iceland,_2007%E2%80%9309",2007–2009,,
Pétur Blöndal,http://en.wikipedia.org/wiki/P%C3%A9tur_H._Bl%C3%B6ndal,Independence Party,Reykjavik North,"http://en.wikipedia.org/wiki/List_of_members_of_the_parliament_of_Iceland,_2007%E2%80%9309",2007–2009,,
Ragnheiður Árnadóttir,http://en.wikipedia.org/wiki/Ragnhei%C3%B0ur_El%C3%ADn_%C3%81rnad%C3%B3ttir,Independence Party,Southwest,"http://en.wikipedia.org/wiki/List_of_members_of_the_parliament_of_Iceland,_2007%E2%80%9309",2007–2009,,
Ragnheiður Ríkharðsdóttir,http://en.wikipedia.org/wiki/Ragnhei%C3%B0ur_R%C3%ADkhar%C3%B0sd%C3%B3ttir,Independence Party,Southwest,"http://en.wikipedia.org/wiki/List_of_members_of_the_parliament_of_Iceland,_2007%E2%80%9309",2007–2009,,
Sigurður Kristjánsson,http://en.wikipedia.org/wiki/Sigur%C3%B0ur_K%C3%A1ri_Kristj%C3%A1nsson,Independence Party,Reykjavik North,"http://en.wikipedia.org/wiki/List_of_members_of_the_parliament_of_Iceland,_2007%E2%80%9309",2007–2009,,
Siv Friðleifsdóttir,http://en.wikipedia.org/wiki/Siv_Fri%C3%B0leifsd%C3%B3ttir,Progressive Party,Southwest,"http://en.wikipedia.org/wiki/List_of_members_of_the_parliament_of_Iceland,_2007%E2%80%9309",2007–2009,,
Steingrímur Sigfússon,http://en.wikipedia.org/wiki/Steingr%C3%ADmur_J._Sigf%C3%BAsson,Left-Green Movement,Northeast,"http://en.wikipedia.org/wiki/List_of_members_of_the_parliament_of_Iceland,_2007%E2%80%9309",2007–2009,,
Steinunn Óskarsdóttir,http://en.wikipedia.org/wiki/Steinunn_Vald%C3%ADs_%C3%93skarsd%C3%B3ttir,Social Democratic Alliance,Reykjavik North,"http://en.wikipedia.org/wiki/List_of_members_of_the_parliament_of_Iceland,_2007%E2%80%9309",2007–2009,,
Sturla Böðvarsson,http://en.wikipedia.org/wiki/Sturla_B%C3%B6%C3%B0varsson,Independence Party,Northwest,"http://en.wikipedia.org/wiki/List_of_members_of_the_parliament_of_Iceland,_2007%E2%80%9309",2007–2009,,
Valgerður Sverrisdóttir,http://en.wikipedia.org/wiki/Valger%C3%B0ur_Sverrisd%C3%B3ttir,Progressive Party,Northeast,"http://en.wikipedia.org/wiki/List_of_members_of_the_parliament_of_Iceland,_2007%E2%80%9309",2007–2009,,
Ágúst Ágústsson,"",Social Democratic Alliance,Reykjavik South,"http://en.wikipedia.org/wiki/List_of_members_of_the_parliament_of_Iceland,_2007%E2%80%9309",2007–2009,,
Álfheiður Ingadóttir,http://en.wikipedia.org/wiki/%C3%81lfhei%C3%B0ur_Ingad%C3%B3ttir,Left-Green Movement,Reykjavik South,"http://en.wikipedia.org/wiki/List_of_members_of_the_parliament_of_Iceland,_2007%E2%80%9309",2007–2009,,
Ármann Ólafsson,"",Independence Party,Southwest,"http://en.wikipedia.org/wiki/List_of_members_of_the_parliament_of_Iceland,_2007%E2%80%9309",2007–2009,,
Árni Árnason,http://en.wikipedia.org/wiki/%C3%81rni_P%C3%A1ll_%C3%81rnason,Social Democratic Alliance,Southwest,"http://en.wikipedia.org/wiki/List_of_members_of_the_parliament_of_Iceland,_2007%E2%80%9309",2007–2009,,
Árni Johnsen,http://en.wikipedia.org/wiki/%C3%81rni_Johnsen,Independence Party,South,"http://en.wikipedia.org/wiki/List_of_members_of_the_parliament_of_Iceland,_2007%E2%80%9309",2007–2009,,
Árni Mathiesen,http://en.wikipedia.org/wiki/%C3%81rni_Mathiesen,Independence Party,South,"http://en.wikipedia.org/wiki/List_of_members_of_the_parliament_of_Iceland,_2007%E2%80%9309",2007–2009,,
Árni Sigurðsson,http://en.wikipedia.org/wiki/%C3%81rni_%C3%9E%C3%B3r_Sigur%C3%B0sson,Left-Green Movement,Reykjavik North,"http://en.wikipedia.org/wiki/List_of_members_of_the_parliament_of_Iceland,_2007%E2%80%9309",2007–2009,,
Ásta Jóhannesdóttir,http://en.wikipedia.org/wiki/%C3%81sta_Ragnhei%C3%B0ur_J%C3%B3hannesd%C3%B3ttir,Social Democratic Alliance,Reykjavik South,"http://en.wikipedia.org/wiki/List_of_members_of_the_parliament_of_Iceland,_2007%E2%80%9309",2007–2009,,
Ásta Möller,"",Independence Party,Reykjavik South,"http://en.wikipedia.org/wiki/List_of_members_of_the_parliament_of_Iceland,_2007%E2%80%9309",2007–2009,,
Ögmundur Jónasson,http://en.wikipedia.org/wiki/%C3%96gmundur_J%C3%B3nasson,Left-Green Movement,Southwest,"http://en.wikipedia.org/wiki/List_of_members_of_the_parliament_of_Iceland,_2007%E2%80%9309",2007–2009,,
Össur Skarphéðinsson,http://en.wikipedia.org/wiki/%C3%96ssur_Skarph%C3%A9%C3%B0insson,Social Democratic Alliance,Reykjavik North,"http://en.wikipedia.org/wiki/List_of_members_of_the_parliament_of_Iceland,_2007%E2%80%9309",2007–2009,,
Þorgerður Gunnarsdóttir,http://en.wikipedia.org/wiki/%C3%9Eorger%C3%B0ur_Katr%C3%ADn_Gunnarsd%C3%B3ttir,Independence Party,Southwest,"http://en.wikipedia.org/wiki/List_of_members_of_the_parliament_of_Iceland,_2007%E2%80%9309",2007–2009,,
Þórunn Sveinbjarnardóttir,http://en.wikipedia.org/wiki/%C3%9E%C3%B3runn_Sveinbjarnard%C3%B3ttir,Social Democratic Alliance,Southwest,"http://en.wikipedia.org/wiki/List_of_members_of_the_parliament_of_Iceland,_2007%E2%80%9309",2007–2009,,
Þuríður Backman,http://en.wikipedia.org/wiki/%C3%9Eur%C3%AD%C3%B0ur_Backman,Left-Green Movement,Northeast,"http://en.wikipedia.org/wiki/List_of_members_of_the_parliament_of_Iceland,_2007%E2%80%9309",2007–2009,,
Ólöf Nordal,http://en.wikipedia.org/wiki/%C3%93l%C3%B6f_Nordal,Independence Party,Northeast,"http://en.wikipedia.org/wiki/List_of_members_of_the_parliament_of_Iceland,_2007%E2%80%9309",2007–2009,,
Höskuldur Þórhallsson,http://en.wikipedia.org/wiki/H%C3%B6skuldur_%C3%9E%C3%B3rhallsson,Progressive Party,Northeast,"http://en.wikipedia.org/wiki/List_of_members_of_the_parliament_of_Iceland,_2007%E2%80%9309",2007–2009,,
Guðbjartur Hannesson,http://en.wikipedia.org/wiki/Gu%C3%B0bjartur_Hannesson,Social Democratic Alliance,Northwest,"http://en.wikipedia.org/wiki/List_of_members_of_the_parliament_of_Iceland,_2007%E2%80%9309",2007–2009,,
Jón Bjarnason,http://en.wikipedia.org/wiki/J%C3%B3n_Bjarnason,Left-Green Movement,Northwest,"http://en.wikipedia.org/wiki/List_of_members_of_the_parliament_of_Iceland,_2007%E2%80%9309",2007–2009,,
Guðjón Kristjánsson,"",Liberal Party,Northwest,"http://en.wikipedia.org/wiki/List_of_members_of_the_parliament_of_Iceland,_2007%E2%80%9309",2007–2009,,
Herdís Þórðardóttir,"",Independence Party,Northwest,"http://en.wikipedia.org/wiki/List_of_members_of_the_parliament_of_Iceland,_2007%E2%80%9309",2007–2009,,2007-07-14
Einar Kristjánsson,"",Independence Party,Northwest,"http://en.wikipedia.org/wiki/List_of_members_of_the_parliament_of_Iceland,_2007%E2%80%9309",2007–2009,2007-07-14,
Atli Gíslason,http://en.wikipedia.org/wiki/Atli_G%C3%ADslason,Left-Green Movement,South Constituency,"http://en.wikipedia.org/wiki/List_of_members_of_the_parliament_of_Iceland,_2009%E2%80%9313",2009–2013,,2011-03-21
Atli Gíslason,http://en.wikipedia.org/wiki/Atli_G%C3%ADslason,Independent,South Constituency,"http://en.wikipedia.org/wiki/List_of_members_of_the_parliament_of_Iceland,_2009%E2%80%9313",2009–2013,2011-03-21,
Birgir Ármannsson,http://en.wikipedia.org/wiki/Birgir_%C3%81rmannsson,Independence Party,Reykjavik Constituency South,"http://en.wikipedia.org/wiki/List_of_members_of_the_parliament_of_Iceland,_2009%E2%80%9313",2009–2013,,
Birgitta Jónsdóttir,http://en.wikipedia.org/wiki/Birgitta_J%C3%B3nsd%C3%B3ttir,Citizens' Movement,Reykjavik Constituency South,"http://en.wikipedia.org/wiki/List_of_members_of_the_parliament_of_Iceland,_2009%E2%80%9313",2009–2013,,2012
Birgitta Jónsdóttir,http://en.wikipedia.org/wiki/Birgitta_J%C3%B3nsd%C3%B3ttir,Pirate Party,Reykjavik Constituency South,"http://en.wikipedia.org/wiki/List_of_members_of_the_parliament_of_Iceland,_2009%E2%80%9313",2009–2013,2012,
Birkir Jónsson,http://en.wikipedia.org/wiki/Birkir_J%C3%B3n_J%C3%B3nsson,Progressive Party,Northeast Constituency,"http://en.wikipedia.org/wiki/List_of_members_of_the_parliament_of_Iceland,_2009%E2%80%9313",2009–2013,,
Bjarni Benediktsson,"http://en.wikipedia.org/wiki/Bjarni_Benediktsson,_Jr.",Independence Party,Southwest Constituency,"http://en.wikipedia.org/wiki/List_of_members_of_the_parliament_of_Iceland,_2009%E2%80%9313",2009–2013,,
Björgvin Sigurðsson,http://en.wikipedia.org/wiki/Bj%C3%B6rgvin_G._Sigur%C3%B0sson,Social Democratic Alliance,South Constituency,"http://en.wikipedia.org/wiki/List_of_members_of_the_parliament_of_Iceland,_2009%E2%80%9313",2009–2013,,
Björn Gíslason,http://en.wikipedia.org/wiki/Bj%C3%B6rn_Valur_G%C3%ADslason,Left-Green Movement,Northeast Constituency,"http://en.wikipedia.org/wiki/List_of_members_of_the_parliament_of_Iceland,_2009%E2%80%9313",2009–2013,,
Einar Guðfinnsson,http://en.wikipedia.org/wiki/Einar_K._Gu%C3%B0finnsson,Independence Party,Northwest Constituency,"http://en.wikipedia.org/wiki/List_of_members_of_the_parliament_of_Iceland,_2009%E2%80%9313",2009–2013,,
Eygló Harðardóttir,http://en.wikipedia.org/wiki/Eygl%C3%B3_Har%C3%B0ard%C3%B3ttir,Progressive Party,South Constituency,"http://en.wikipedia.org/wiki/List_of_members_of_the_parliament_of_Iceland,_2009%E2%80%9313",2009–2013,,
Gunnar Sveinsson,http://en.wikipedia.org/wiki/Gunnar_Bragi_Sveinsson,Progressive Party,Northwest Constituency,"http://en.wikipedia.org/wiki/List_of_members_of_the_parliament_of_Iceland,_2009%E2%80%9313",2009–2013,,
Guðbjartur Hannesson,http://en.wikipedia.org/wiki/Gu%C3%B0bjartur_Hannesson,Social Democratic Alliance,Northwest Constituency,"http://en.wikipedia.org/wiki/List_of_members_of_the_parliament_of_Iceland,_2009%E2%80%9313",2009–2013,,
Guðfríður Grétarsdóttir,http://en.wikipedia.org/wiki/Gu%C3%B0fr%C3%AD%C3%B0ur_Lilja_Gr%C3%A9tarsd%C3%B3ttir,Left-Green Movement,Southwest Constituency,"http://en.wikipedia.org/wiki/List_of_members_of_the_parliament_of_Iceland,_2009%E2%80%9313",2009–2013,,
Guðlaugur Þórðarson,http://en.wikipedia.org/wiki/Gu%C3%B0laugur_%C3%9E%C3%B3r_%C3%9E%C3%B3r%C3%B0arson,Independence Party,Reykjavik Constituency South,"http://en.wikipedia.org/wiki/List_of_members_of_the_parliament_of_Iceland,_2009%E2%80%9313",2009–2013,,
Guðmundur Steingrímsson,http://en.wikipedia.org/wiki/Gu%C3%B0mundur_Steingr%C3%ADmsson,Progressive Party,Northwest Constituency,"http://en.wikipedia.org/wiki/List_of_members_of_the_parliament_of_Iceland,_2009%E2%80%9313",2009–2013,,2011-08-22
Guðmundur Steingrímsson,http://en.wikipedia.org/wiki/Gu%C3%B0mundur_Steingr%C3%ADmsson,Bright Future,Northwest Constituency,"http://en.wikipedia.org/wiki/List_of_members_of_the_parliament_of_Iceland,_2009%E2%80%9313",2009–2013,2011-08-22,
Helgi Hjörvar,http://en.wikipedia.org/wiki/Helgi_Hj%C3%B6rvar,Social Democratic Alliance,Reykjavik Constituency North,"http://en.wikipedia.org/wiki/List_of_members_of_the_parliament_of_Iceland,_2009%E2%80%9313",2009–2013,,
Höskuldur Þórhallsson,http://en.wikipedia.org/wiki/H%C3%B6skuldur_%C3%9E%C3%B3rhallsson,Progressive Party,Northeast Constituency,"http://en.wikipedia.org/wiki/List_of_members_of_the_parliament_of_Iceland,_2009%E2%80%9313",2009–2013,,
Illugi Gunnarsson,http://en.wikipedia.org/wiki/Illugi_Gunnarsson,Independence Party,Reykjavik Constituency North,"http://en.wikipedia.org/wiki/List_of_members_of_the_parliament_of_Iceland,_2009%E2%80%9313",2009–2013,,
Jóhanna Sigurðardóttir,http://en.wikipedia.org/wiki/J%C3%B3hanna_Sigur%C3%B0ard%C3%B3ttir,Social Democratic Alliance,Reykjavik Constituency North,"http://en.wikipedia.org/wiki/List_of_members_of_the_parliament_of_Iceland,_2009%E2%80%9313",2009–2013,,
Jón Bjarnason,http://en.wikipedia.org/wiki/J%C3%B3n_Bjarnason,Left-Green Movement,Northwest Constituency,"http://en.wikipedia.org/wiki/List_of_members_of_the_parliament_of_Iceland,_2009%E2%80%9313",2009–2013,,2013-01-24
Jón Bjarnason,http://en.wikipedia.org/wiki/J%C3%B3n_Bjarnason,Independent[6],Northwest Constituency,"http://en.wikipedia.org/wiki/List_of_members_of_the_parliament_of_Iceland,_2009%E2%80%9313",2009–2013,2013-01-24,
Jón Gunnarsson,http://en.wikipedia.org/wiki/J%C3%B3n_Gunnarsson,Independence Party,Southwest Constituency,"http://en.wikipedia.org/wiki/List_of_members_of_the_parliament_of_Iceland,_2009%E2%80%9313",2009–2013,,
Jónína Guðmundsdóttir,http://en.wikipedia.org/wiki/J%C3%B3n%C3%ADna_R%C3%B3s_Gu%C3%B0mundsd%C3%B3ttir,Social Democratic Alliance,Northeast Constituency,"http://en.wikipedia.org/wiki/List_of_members_of_the_parliament_of_Iceland,_2009%E2%80%9313",2009–2013,,
Katrín Jakobsdóttir,http://en.wikipedia.org/wiki/Katr%C3%ADn_Jakobsd%C3%B3ttir,Left-Green Movement,Reykjavik Constituency North,"http://en.wikipedia.org/wiki/List_of_members_of_the_parliament_of_Iceland,_2009%E2%80%9313",2009–2013,,
Katrín Júlíusdóttir,http://en.wikipedia.org/wiki/Katr%C3%ADn_J%C3%BAl%C3%ADusd%C3%B3ttir,Social Democratic Alliance,Southwest Constituency,"http://en.wikipedia.org/wiki/List_of_members_of_the_parliament_of_Iceland,_2009%E2%80%9313",2009–2013,,
Kristján Júlíusson,http://en.wikipedia.org/wiki/Kristj%C3%A1n_%C3%9E%C3%B3r_J%C3%BAl%C3%ADusson,Independence Party,Northeast Constituency,"http://en.wikipedia.org/wiki/List_of_members_of_the_parliament_of_Iceland,_2009%E2%80%9313",2009–2013,,
Kristján Möller,http://en.wikipedia.org/wiki/Kristj%C3%A1n_L._M%C3%B6ller,Social Democratic Alliance,Northeast Constituency,"http://en.wikipedia.org/wiki/List_of_members_of_the_parliament_of_Iceland,_2009%E2%80%9313",2009–2013,,
Lilja Magnúsdóttir,http://en.wikipedia.org/wiki/Lilja_Rafney_Magn%C3%BAsd%C3%B3ttir,Left-Green Movement,Northwest Constituency,"http://en.wikipedia.org/wiki/List_of_members_of_the_parliament_of_Iceland,_2009%E2%80%9313",2009–2013,,
Lilja Mósesdóttir,http://en.wikipedia.org/wiki/Lilja_M%C3%B3sesd%C3%B3ttir,Left-Green Movement,Reykjavik Constituency South,"http://en.wikipedia.org/wiki/List_of_members_of_the_parliament_of_Iceland,_2009%E2%80%9313",2009–2013,,2011-03-21
Lilja Mósesdóttir,http://en.wikipedia.org/wiki/Lilja_M%C3%B3sesd%C3%B3ttir,Solidarity,Reykjavik Constituency South,"http://en.wikipedia.org/wiki/List_of_members_of_the_parliament_of_Iceland,_2009%E2%80%9313",2009–2013,2011-03-21,
Magnús Schram,http://en.wikipedia.org/wiki/Magn%C3%BAs_Orri_Schram,Social Democratic Alliance,Southwest Constituency,"http://en.wikipedia.org/wiki/List_of_members_of_the_parliament_of_Iceland,_2009%E2%80%9313",2009–2013,,
Margrét Tryggvadóttir,http://en.wikipedia.org/wiki/Margr%C3%A9t_Tryggvad%C3%B3ttir,Citizens' Movement,South Constituency,"http://en.wikipedia.org/wiki/List_of_members_of_the_parliament_of_Iceland,_2009%E2%80%9313",2009–2013,,
Oddný Harðardóttir,http://en.wikipedia.org/wiki/Oddn%C3%BD_G._Har%C3%B0ard%C3%B3ttir,Social Democratic Alliance,South Constituency,"http://en.wikipedia.org/wiki/List_of_members_of_the_parliament_of_Iceland,_2009%E2%80%9313",2009–2013,,
Pétur Blöndal,http://en.wikipedia.org/wiki/P%C3%A9tur_H._Bl%C3%B6ndal,Independence Party,Reykjavik Constituency North,"http://en.wikipedia.org/wiki/List_of_members_of_the_parliament_of_Iceland,_2009%E2%80%9313",2009–2013,,
Ragnheiður Árnadóttir,http://en.wikipedia.org/wiki/Ragnhei%C3%B0ur_El%C3%ADn_%C3%81rnad%C3%B3ttir,Independence Party,South Constituency,"http://en.wikipedia.org/wiki/List_of_members_of_the_parliament_of_Iceland,_2009%E2%80%9313",2009–2013,,
Ragnheiður Ríkharðsdóttir,http://en.wikipedia.org/wiki/Ragnhei%C3%B0ur_R%C3%ADkhar%C3%B0sd%C3%B3ttir,Independence Party,Southwest Constituency,"http://en.wikipedia.org/wiki/List_of_members_of_the_parliament_of_Iceland,_2009%E2%80%9313",2009–2013,,
Róbert Marshall,http://en.wikipedia.org/wiki/R%C3%B3bert_Marshall,Social Democratic Alliance,South Constituency,"http://en.wikipedia.org/wiki/List_of_members_of_the_parliament_of_Iceland,_2009%E2%80%9313",2009–2013,,2012-10-12
Róbert Marshall,http://en.wikipedia.org/wiki/R%C3%B3bert_Marshall,Bright Future[4][5],South Constituency,"http://en.wikipedia.org/wiki/List_of_members_of_the_parliament_of_Iceland,_2009%E2%80%9313",2009–2013,2012-10-12,
Sigmundur Gunnlaugsson,http://en.wikipedia.org/wiki/Sigmundur_Dav%C3%AD%C3%B0_Gunnlaugsson,Progressive Party,Reykjavik Constituency North,"http://en.wikipedia.org/wiki/List_of_members_of_the_parliament_of_Iceland,_2009%E2%80%9313",2009–2013,,
Sigmundur Rúnarsson,http://en.wikipedia.org/wiki/Sigmundur_Ernir_R%C3%BAnarsson,Social Democratic Alliance,Northeast Constituency,"http://en.wikipedia.org/wiki/List_of_members_of_the_parliament_of_Iceland,_2009%E2%80%9313",2009–2013,,
Sigríður Ingadóttir,http://en.wikipedia.org/wiki/Sigr%C3%AD%C3%B0ur_Ingibj%C3%B6rg_Ingad%C3%B3ttir,Social Democratic Alliance,Reykjavik Constituency South,"http://en.wikipedia.org/wiki/List_of_members_of_the_parliament_of_Iceland,_2009%E2%80%9313",2009–2013,,
Sigurður Jóhannsson,http://en.wikipedia.org/wiki/Sigur%C3%B0ur_Ingi_J%C3%B3hannsson,Progressive Party,South Constituency,"http://en.wikipedia.org/wiki/List_of_members_of_the_parliament_of_Iceland,_2009%E2%80%9313",2009–2013,,
Siv Friðleifsdóttir,http://en.wikipedia.org/wiki/Siv_Fri%C3%B0leifsd%C3%B3ttir,Progressive Party,Southwest Constituency,"http://en.wikipedia.org/wiki/List_of_members_of_the_parliament_of_Iceland,_2009%E2%80%9313",2009–2013,,
Skúli Helgason,http://en.wikipedia.org/wiki/Sk%C3%BAli_Helgason,Social Democratic Alliance,Reykjavik Constituency South,"http://en.wikipedia.org/wiki/List_of_members_of_the_parliament_of_Iceland,_2009%E2%80%9313",2009–2013,,
Steingrímur Sigfússon,http://en.wikipedia.org/wiki/Steingr%C3%ADmur_J._Sigf%C3%BAsson,Left-Green Movement,Northeast Constituency,"http://en.wikipedia.org/wiki/List_of_members_of_the_parliament_of_Iceland,_2009%E2%80%9313",2009–2013,,
Steinunn Óskarsdóttir,http://en.wikipedia.org/wiki/Steinunn_Vald%C3%ADs_%C3%93skarsd%C3%B3ttir,Social Democratic Alliance,Reykjavik Constituency North,"http://en.wikipedia.org/wiki/List_of_members_of_the_parliament_of_Iceland,_2009%E2%80%9313",2009–2013,,2010
Mörður Árnason,/wiki/M%C3%B6r%C3%B0ur_%C3%81rnason,Social Democratic Alliance,Reykjavik Constituency North,"http://en.wikipedia.org/wiki/List_of_members_of_the_parliament_of_Iceland,_2009%E2%80%9313",2009–2013,2010,
Svandís Svavarsdóttir,http://en.wikipedia.org/wiki/Svand%C3%ADs_Svavarsd%C3%B3ttir,Left-Green Movement,Reykjavik Constituency South,"http://en.wikipedia.org/wiki/List_of_members_of_the_parliament_of_Iceland,_2009%E2%80%9313",2009–2013,,
Tryggvi Herbertsson,http://en.wikipedia.org/wiki/Tryggvi_%C3%9E%C3%B3r_Herbertsson,Independence Party,Northeast Constituency,"http://en.wikipedia.org/wiki/List_of_members_of_the_parliament_of_Iceland,_2009%E2%80%9313",2009–2013,,
Unnur Konráðsdóttir,http://en.wikipedia.org/wiki/Unnur_Br%C3%A1_Konr%C3%A1%C3%B0sd%C3%B3ttir,Independence Party,South Constituency,"http://en.wikipedia.org/wiki/List_of_members_of_the_parliament_of_Iceland,_2009%E2%80%9313",2009–2013,,
Valgerður Bjarnadóttir,http://en.wikipedia.org/wiki/Valger%C3%B0ur_Bjarnad%C3%B3ttir,Social Democratic Alliance,Reykjavik Constituency North,"http://en.wikipedia.org/wiki/List_of_members_of_the_parliament_of_Iceland,_2009%E2%80%9313",2009–2013,,
Vigdís Hauksdóttir,http://en.wikipedia.org/wiki/Vigd%C3%ADs_Hauksd%C3%B3ttir,Progressive Party,Reykjavik Constituency South,"http://en.wikipedia.org/wiki/List_of_members_of_the_parliament_of_Iceland,_2009%E2%80%9313",2009–2013,,
Álfheiður Ingadóttir,http://en.wikipedia.org/wiki/%C3%81lfhei%C3%B0ur_Ingad%C3%B3ttir,Left-Green Movement,Reykjavik Constituency North,"http://en.wikipedia.org/wiki/List_of_members_of_the_parliament_of_Iceland,_2009%E2%80%9313",2009–2013,,
Árni Árnason,http://en.wikipedia.org/wiki/%C3%81rni_P%C3%A1ll_%C3%81rnason,Social Democratic Alliance,Southwest Constituency,"http://en.wikipedia.org/wiki/List_of_members_of_the_parliament_of_Iceland,_2009%E2%80%9313",2009–2013,,
Árni Johnsen,http://en.wikipedia.org/wiki/%C3%81rni_Johnsen,Independence Party,South Constituency,"http://en.wikipedia.org/wiki/List_of_members_of_the_parliament_of_Iceland,_2009%E2%80%9313",2009–2013,,
Árni Sigurðsson,http://en.wikipedia.org/wiki/%C3%81rni_%C3%9E%C3%B3r_Sigur%C3%B0sson,Left-Green Movement,Reykjavik Constituency North,"http://en.wikipedia.org/wiki/List_of_members_of_the_parliament_of_Iceland,_2009%E2%80%9313",2009–2013,,
Ásbjörn Óttarsson,http://en.wikipedia.org/wiki/%C3%81sbj%C3%B6rn_%C3%93ttarsson,Independence Party,Northwest Constituency,"http://en.wikipedia.org/wiki/List_of_members_of_the_parliament_of_Iceland,_2009%E2%80%9313",2009–2013,,
Ásmundur Daðason,http://en.wikipedia.org/wiki/%C3%81smundur_Einar_Da%C3%B0ason,Left-Green Movement,Northwest Constituency,"http://en.wikipedia.org/wiki/List_of_members_of_the_parliament_of_Iceland,_2009%E2%80%9313",2009–2013,,2011-06-01
Ásmundur Daðason,http://en.wikipedia.org/wiki/%C3%81smundur_Einar_Da%C3%B0ason,Progressive Party,Northwest Constituency,"http://en.wikipedia.org/wiki/List_of_members_of_the_parliament_of_Iceland,_2009%E2%80%9313",2009–2013,2011-06-01,
Ásta Jóhannesdóttir,http://en.wikipedia.org/wiki/%C3%81sta_Ragnhei%C3%B0ur_J%C3%B3hannesd%C3%B3ttir,Social Democratic Alliance,Reykjavik Constituency South,"http://en.wikipedia.org/wiki/List_of_members_of_the_parliament_of_Iceland,_2009%E2%80%9313",2009–2013,,
Ólína Þorvarðardóttir,http://en.wikipedia.org/wiki/%C3%93l%C3%ADna_%C3%9Eorvar%C3%B0ard%C3%B3ttir,Social Democratic Alliance,Northwest Constituency,"http://en.wikipedia.org/wiki/List_of_members_of_the_parliament_of_Iceland,_2009%E2%80%9313",2009–2013,,
Ólöf Nordal,http://en.wikipedia.org/wiki/%C3%93l%C3%B6f_Nordal,Independence Party,Reykjavik Constituency South,"http://en.wikipedia.org/wiki/List_of_members_of_the_parliament_of_Iceland,_2009%E2%80%9313",2009–2013,,
Ögmundur Jónasson,http://en.wikipedia.org/wiki/%C3%96gmundur_J%C3%B3nasson,Left-Green Movement,Southwest Constituency,"http://en.wikipedia.org/wiki/List_of_members_of_the_parliament_of_Iceland,_2009%E2%80%9313",2009–2013,,
Össur Skarphéðinsson,http://en.wikipedia.org/wiki/%C3%96ssur_Skarph%C3%A9%C3%B0insson,Social Democratic Alliance,Reykjavik Constituency South,"http://en.wikipedia.org/wiki/List_of_members_of_the_parliament_of_Iceland,_2009%E2%80%9313",2009–2013,,
Þorgerður Gunnarsdóttir,http://en.wikipedia.org/wiki/%C3%9Eorger%C3%B0ur_Katr%C3%ADn_Gunnarsd%C3%B3ttir,Independence Party,Reykjavik Constituency South,"http://en.wikipedia.org/wiki/List_of_members_of_the_parliament_of_Iceland,_2009%E2%80%9313",2009–2013,,
Þráinn Bertelsson,http://en.wikipedia.org/wiki/%C3%9Er%C3%A1inn_Bertelsson,Citizens' Movement,Reykjavik Constituency North,"http://en.wikipedia.org/wiki/List_of_members_of_the_parliament_of_Iceland,_2009%E2%80%9313",2009–2013,,2009-08-14
Þráinn Bertelsson,http://en.wikipedia.org/wiki/%C3%9Er%C3%A1inn_Bertelsson,Left-Green Movement,Reykjavik Constituency North,"http://en.wikipedia.org/wiki/List_of_members_of_the_parliament_of_Iceland,_2009%E2%80%9313",2009–2013,2009-08-14,
Þuríður Backman,http://en.wikipedia.org/wiki/%C3%9Eur%C3%AD%C3%B0ur_Backman,Left-Green Movement,Northeast Constituency,"http://en.wikipedia.org/wiki/List_of_members_of_the_parliament_of_Iceland,_2009%E2%80%9313",2009–2013,,
Þór Saari,http://en.wikipedia.org/wiki/%C3%9E%C3%B3r_Saari,Citizens' Movement,Southwest Constituency,"http://en.wikipedia.org/wiki/List_of_members_of_the_parliament_of_Iceland,_2009%E2%80%9313",2009–2013,,
Þórunn Sveinbjarnardóttir,http://en.wikipedia.org/wiki/%C3%9E%C3%B3runn_Sveinbjarnard%C3%B3ttir,Social Democratic Alliance,Southwest Constituency,"http://en.wikipedia.org/wiki/List_of_members_of_the_parliament_of_Iceland,_2009%E2%80%9313",2009–2013,,2011
Lúðvík Geirsson,/wiki/L%C3%BA%C3%B0v%C3%ADk_Geirsson,Social Democratic Alliance,Southwest Constituency,"http://en.wikipedia.org/wiki/List_of_members_of_the_parliament_of_Iceland,_2009%E2%80%9313",2009–2013,2011,
